{
    "Creag_Meagaidh": [
        -4.57494735455839,
        56.952699946355196
    ],
    "Coire_Domhain": [
        -3.665306567272637,
        57.101050380315705
    ],
    "Ciste_Mhearad": [
        -3.6341500299749896,
        57.12181364614503
    ],
    "Aonach_Beag": [
        -4.951683281979058,
        56.798726195708845
    ],
    "Beinn_a_Bhuird": [
        -3.5009980223549064,
        57.07445012102833
    ],
    "Gael_Charn": [
        -4.491527081409004,
        56.84103107673674
    ],
    "An_Riabhachan": [
        -5.095174310845323,
        57.36876671642763
    ],
    "An_Stuc": [
        -4.21819925395539,
        56.56194982435603
    ],
    "Beinn_Mhanach": [
        -4.645657540240791,
        56.535851327970605
    ],
    "Coire_Cruach_Sneachda": [
        -4.16107177734375,
        56.64077849723661
    ],
    "Carn_na_Caim": [
        -4.191913605609443,
        56.90397803853171
    ],
    "Beinn_Nevis": [
        -5.002194,
        56.798583
    ]
}